node_id,name
1,Tristin Emard
2,Lina Abshire
3,Edgardo Kuvalis
4,Eloisa Schultz
5,Art Heathcote
6,Bertrand Collier
7,Verona Buckridge
8,Ms. Clotilde Langworth
9,Tremaine Reichert V
10,Barry Casper
11,Mr. Francisco Gutmann
12,Earnest Schmeler
13,Jonathon Cole
14,Bernita Mueller
15,Laury Heller
16,Mr. Marlin Jacobson
17,Matteo Reynolds
18,Luna Hayes
19,Sibyl Raynor
20,Luther Daniel
21,Mrs. Ezequiel Towne
22,Jacey Beatty
23,Jacey Swift PhD
24,Dalton Mante
25,Ms. Alayna Yundt
26,Elliot Lynch
27,Chelsey Schultz DVM
28,Graham Predovic
29,Rocky Kunde
30,Gilberto Koepp
31,Ms. Selina Wehner
32,Ivah Streich
33,Elmira Kutch
34,Ms. Willie Jacobson
35,Emile Romaguera
36,Evelyn Wisoky
37,Ms. Fern Roberts
38,Barbara Senger
39,Kadin West DVM
40,Carol Mraz
41,Mr. Mauricio Ortiz
42,Miss Verla Tremblay
43,Tremaine Terry
44,Jessyca Kozey
45,Jo Zboncak
46,Ben Reynolds
47,Mrs. Robbie Von
48,Lauryn McCullough I
49,Napoleon Ullrich
50,Idell Thiel
51,Taya Adams IV
52,Madaline Schneider
53,Aniyah Halvorson
54,Burnice Harris
55,Claudie Goyette
56,Kaitlyn Abernathy
57,Aaliyah Hamill
58,Dawn Johnson
59,Jadon Crooks
60,Quinn Feeney DVM
61,Yadira Cummerata II
62,Mervin Lang
63,Breanne Dooley DDS
64,Bradley Veum
65,Alfonzo Cronin
66,Alvera Labadie
67,Magali Veum
68,Dr. Ceasar Rodriguez
69,Kyle Haley
70,Sean Schuppe
71,Mr. Reid Konopelski
72,Alfredo Wiza
73,Brennan Gibson
74,Mikayla Schimmel
75,Verla Kuhic
76,Novella Mann
77,Bo Dickinson
78,Ms. Ashtyn Zulauf
79,Meta Breitenberg
80,Colin Bosco
81,Orville Rath
82,Miss Josie Blanda
83,Cayla Padberg MD
84,Maribel Daugherty
85,Grace Terry
86,Rey Mayert
87,Miss Lucas Bins
88,Nasir Murazik
89,Ayana Marks
90,Micah Rolfson
91,Mona Windler
92,Miss Annamae Abernathy
93,Isidro Hamill
94,Joaquin Douglas
95,Jena Weber
96,Lizzie Dooley DVM
97,Alexis Torp
98,Alexanne Nikolaus
99,Ms. Darlene Schowalter
100,Ibrahim Pacocha
101,Petra Jacobson
102,Kayli Moen
103,Serena Denesik
104,Alisa Schultz
105,Serena Will
106,Kayli Sporer PhD
107,Orlando Boyer
108,Gerard Goodwin
109,Jessica Brekke
110,Ms. Manuela Treutel
111,Donnie Kuhn PhD
112,Lera Hudson
113,Gilberto Yundt
114,Meagan D'Amore DVM
115,Mr. Wyman Schaden
116,Brannon Wyman
117,Camila Adams
118,Mrs. Sydni Haley
119,Jesus Goldner
120,Dr. Soledad Rohan
121,Barney Fritsch IV
122,Monserrate Cummerata
123,Irma Smitham
124,Nannie Denesik
125,Marge Schmitt
126,Federico Kertzmann
127,Vince Huels DVM
128,Myrl Durgan
129,Aaron Swift
130,Lorna Murphy
131,Lula Moen
132,Winnifred Terry
133,Mia Sawayn
134,Laron McClure
135,Breanna Langosh
136,Elaina Lindgren
137,Antonina Heller II
138,Ted Gerhold
139,Kayleigh Kuhic
140,Dena Langworth
141,Raina Gulgowski
142,Elisa Harvey
143,Darien Thiel
144,Elena Prosacco
145,Chanel Daniel
146,Aylin Blanda
147,Romaine Towne
148,Trent Tremblay
149,Kiel Carroll
150,Missouri Kohler
